<?xml version="1.0" encoding="UTF-8"?>
<section version="5.0" xmlns="http://docbook.org/ns/docbook"
         xmlns:xlink="http://www.w3.org/1999/xlink"
         xmlns:xi="http://www.w3.org/2001/XInclude"
         xmlns:ns5="http://www.w3.org/2000/svg"
         xmlns:ns4="http://www.w3.org/1998/Math/MathML"
         xmlns:ns3="http://www.w3.org/1999/xhtml"
         xmlns:db="http://docbook.org/ns/docbook">
  <title>This is an included section (not seen)</title>

  <para>This is an included paragraph (not seen).</para>

  <section xml:id="meonly">
    <title>This is another included section</title>
    <para>This is another included paragraph</para>
  </section>

</section>
