<?xml version="1.0"?>
<article id="article1" xmlns="http://docbook.org/ns/docbook" version="5.0">
  
  <articleinfo>
    <title>Example Document</title>
    <releaseinfo><?eval Version ${project.version}?></releaseinfo>
  </articleinfo>

  <section id="section1">
    <title>First Section</title> 

    <para>This is just an example document. It does not contain any
    relevant information at all. The only message you should take away
    from this document is that you should start writing
    DocBook.</para>

    <para>
      Note that it is possible to evaluate expressions inline, using
      the <sgmltag>eval</sgmltag> processing instruction: <?eval
      ${example.title}?> and <?eval ${2 * 34 / 3}?>.
    </para> 
  </section>

  <section>
    <title>Second Section</title> 
    
    <para>This is just an example document. It does not contain any
    relevant information at all. The only message you should take away
    from this document is that you should start writing
    DocBook.</para>

    <section>
      <title>Nested Section</title>
      <para>
        The quick brown fox jumped over the lazy tree.  The quick
        brown fox jumped over the lazy tree.  The quick brown fox
        jumped over the lazy tree.  The quick brown fox jumped over
        the lazy tree.  The quick brown fox jumped over the lazy tree.
        The quick brown fox jumped over the lazy tree.  The quick
        brown fox jumped over the lazy tree.  The quick brown fox
        jumped over the lazy tree.  The quick brown fox jumped over
        the lazy tree.  The quick brown fox jumped over the lazy tree.
        The quick brown fox jumped over the lazy tree.  The quick
        brown fox jumped over the lazy tree.  The quick brown fox
        jumped over the lazy tree.  The quick brown fox jumped over
        the lazy tree.  The quick brown fox jumped over the lazy tree.
        The quick brown fox jumped over the lazy tree.
      </para>
    </section>

  </section>
  
  
</article>
